URL,Last crawled
https://cosmicbrief.com/#/blog,1969-12-31
https://cosmicbrief.com/#/blog/ardra-nakshatra,1969-12-31
https://cosmicbrief.com/#/blog/ashwini-nakshatra,1969-12-31
https://cosmicbrief.com/#/blog/bharani-nakshatra,1969-12-31
https://cosmicbrief.com/#/blog/career-astrology-2026,1969-12-31
https://cosmicbrief.com/#/blog/category/nakshatras,1969-12-31
https://cosmicbrief.com/#/blog/krittika-nakshatra,1969-12-31
https://cosmicbrief.com/#/blog/mrigashira-nakshatra,1969-12-31
https://cosmicbrief.com/#/blog/planetary-periods-dashas,1969-12-31
https://cosmicbrief.com/#/blog/politics-and-global-events,1969-12-31
https://cosmicbrief.com/#/blog/punarvasu-nakshatra,1969-12-31
https://cosmicbrief.com/#/blog/pushya-nakshatra,1969-12-31
https://cosmicbrief.com/#/blog/rohini-nakshatra,1969-12-31
https://cosmicbrief.com/#/blog/what-is-nakshatra,1969-12-31
https://cosmicbrief.com/#/blog/why-2026-is-a-turning-point,1969-12-31
https://cosmicbrief.com/#/contact,1969-12-31
https://cosmicbrief.com/#/get-birth-chart,1969-12-31
https://cosmicbrief.com/#/how-to-read-vedic-chart,1969-12-31
https://cosmicbrief.com/#/life-arc,1969-12-31
https://cosmicbrief.com/#/privacy,1969-12-31
https://cosmicbrief.com/#/terms,1969-12-31
https://cosmicbrief.com/#/vedic-astrology-explained,1969-12-31
https://cosmicbrief.com/#/vedic-vs-western-astrology,1969-12-31
https://cosmicbrief.com/#/vedic/input,1969-12-31
https://cosmicbrief.com/#/weekly-horoscope,1969-12-31